id,alpha
s206_selfpaced,0.97722570905086
s208_selfpaced,0.950184662097444
s210_selfpaced,1.04007621674375
